{
  "success":true,
  "message":"Homepage country data.",
  "data":{
    "countries":[
      {
        "id":1,
        "country_name":"Afghanistan",
        "dialing_code":"93",
        "nationality":"Afghan",
        "country_code":"AF"
      },
      {
        "id":2,
        "country_name":"Albania",
        "dialing_code":"355",
        "nationality":"Albanian",
        "country_code":"AL"
      },
      {
        "id":3,
        "country_name":"Algeria",
        "dialing_code":"213",
        "nationality":"Algerian",
        "country_code":"DZ"
      },
      {
        "id":183,
        "country_name":"United States",
        "dialing_code":"1",
        "nationality":"American",
        "country_code":"US"
      },
      {
        "id":234,
        "country_name":"American Samoa",
        "dialing_code":"1",
        "nationality":"American Samoans",
        "country_code":"AS"
      },
      {
        "id":4,
        "country_name":"Andorra",
        "dialing_code":"376",
        "nationality":"Andorran",
        "country_code":"AD"
      },
      {
        "id":5,
        "country_name":"Angola",
        "dialing_code":"244",
        "nationality":"Angolan",
        "country_code":"AO"
      },
      {
        "id":233,
        "country_name":"Anguilla",
        "dialing_code":"1",
        "nationality":"Anguillans",
        "country_code":"AI"
      },
      {
        "id":235,
        "country_name":"Antarctica",
        "dialing_code":"672",
        "nationality":"Antarctican",
        "country_code":"AQ"
      },
      {
        "id":6,
        "country_name":"Antigua and Barbuda",
        "dialing_code":"1-268",
        "nationality":"Antiguans, Barbudans",
        "country_code":"AG"
      },
      {
        "id":7,
        "country_name":"Argentina",
        "dialing_code":"54",
        "nationality":"Argentinean",
        "country_code":"AR"
      },
      {
        "id":8,
        "country_name":"Armenia",
        "dialing_code":"374",
        "nationality":"Armenian",
        "country_code":"AM"
      },
      {
        "id":232,
        "country_name":"Aruba",
        "dialing_code":"297",
        "nationality":"Arubans",
        "country_code":"AW"
      },
      {
        "id":9,
        "country_name":"Australia",
        "dialing_code":"61",
        "nationality":"Australian",
        "country_code":"AU"
      },
      {
        "id":10,
        "country_name":"Austria",
        "dialing_code":"43",
        "nationality":"Austrian",
        "country_code":"AT"
      },
      {
        "id":11,
        "country_name":"Azerbaijan",
        "dialing_code":"994",
        "nationality":"Azerbaijani",
        "country_code":"AZ"
      },
      {
        "id":12,
        "country_name":"The Bahamas",
        "dialing_code":"1-242",
        "nationality":"Bahamian",
        "country_code":"BS"
      },
      {
        "id":13,
        "country_name":"Bahrain",
        "dialing_code":"973",
        "nationality":"Bahraini",
        "country_code":"BH"
      },
      {
        "id":14,
        "country_name":"Bangladesh",
        "dialing_code":"880",
        "nationality":"Bangladeshi",
        "country_code":"BD"
      },
      {
        "id":15,
        "country_name":"Barbados",
        "dialing_code":"1-246",
        "nationality":"Barbadian",
        "country_code":"BB"
      },
      {
        "id":16,
        "country_name":"Belarus",
        "dialing_code":"375",
        "nationality":"Belarusian",
        "country_code":"BY"
      },
      {
        "id":17,
        "country_name":"Belgium",
        "dialing_code":"32",
        "nationality":"Belgian",
        "country_code":"BE"
      },
      {
        "id":18,
        "country_name":"Belize",
        "dialing_code":"501",
        "nationality":"Belizean",
        "country_code":"BZ"
      },
      {
        "id":19,
        "country_name":"Benin",
        "dialing_code":"229",
        "nationality":"Beninese",
        "country_code":"BJ"
      },
      {
        "id":231,
        "country_name":"Bermuda",
        "dialing_code":"1",
        "nationality":"Bermudians",
        "country_code":"BM"
      },
      {
        "id":20,
        "country_name":"Bhutan",
        "dialing_code":"975",
        "nationality":"Bhutanese",
        "country_code":"BT"
      },
      {
        "id":21,
        "country_name":"Bolivia",
        "dialing_code":"591",
        "nationality":"Bolivian",
        "country_code":"BO"
      },
      {
        "id":22,
        "country_name":"Bosnia and Herzegovina",
        "dialing_code":"387",
        "nationality":"Bosnian, Herzegovinian",
        "country_code":"BA"
      },
      {
        "id":24,
        "country_name":"Brazil",
        "dialing_code":"55",
        "nationality":"Brazilian",
        "country_code":"BR"
      },
      {
        "id":182,
        "country_name":"United Kingdom",
        "dialing_code":"44",
        "nationality":"British",
        "country_code":"GB"
      },
      {
        "id":196,
        "country_name":"Virgin Islands (British)",
        "dialing_code":"1",
        "nationality":"British Virgin Islander",
        "country_code":"VG"
      },
      {
        "id":25,
        "country_name":"Brunei",
        "dialing_code":"673",
        "nationality":"Bruneian",
        "country_code":"BN"
      },
      {
        "id":26,
        "country_name":"Bulgaria",
        "dialing_code":"359",
        "nationality":"Bulgarian",
        "country_code":"BG"
      },
      {
        "id":27,
        "country_name":"Burkina Faso",
        "dialing_code":"226",
        "nationality":"Burkinabe",
        "country_code":"BF"
      },
      {
        "id":120,
        "country_name":"Myanmar (Burma)",
        "dialing_code":"95",
        "nationality":"Burmese",
        "country_code":"MM"
      },
      {
        "id":28,
        "country_name":"Burundi",
        "dialing_code":"257",
        "nationality":"Burundian",
        "country_code":"BI"
      },
      {
        "id":29,
        "country_name":"Cambodia",
        "dialing_code":"57",
        "nationality":"Cambodian",
        "country_code":"KH"
      },
      {
        "id":30,
        "country_name":"Cameroon",
        "dialing_code":"237",
        "nationality":"Cameroonian",
        "country_code":"CM"
      },
      {
        "id":31,
        "country_name":"Canada",
        "dialing_code":"1",
        "nationality":"Canadian",
        "country_code":"CA"
      },
      {
        "id":32,
        "country_name":"Cape Verde",
        "dialing_code":"238",
        "nationality":"Cape Verdian",
        "country_code":"CV"
      },
      {
        "id":237,
        "country_name":"Caribbean Netherlands",
        "dialing_code":"599",
        "nationality":"Caribbean Netherlands",
        "country_code":"BQ"
      },
      {
        "id":230,
        "country_name":"Cayman Islands",
        "dialing_code":"1",
        "nationality":"Caymanians",
        "country_code":"KY"
      },
      {
        "id":33,
        "country_name":"Central African Republic",
        "dialing_code":"236",
        "nationality":"Central African",
        "country_code":"CF"
      },
      {
        "id":34,
        "country_name":"Chad",
        "dialing_code":"235",
        "nationality":"Chadian",
        "country_code":"TD"
      },
      {
        "id":35,
        "country_name":"Chile",
        "dialing_code":"56",
        "nationality":"Chilean",
        "country_code":"CL"
      },
      {
        "id":36,
        "country_name":"China",
        "dialing_code":"86",
        "nationality":"Chinese",
        "country_code":"CN"
      },
      {
        "id":229,
        "country_name":"Christmas Island",
        "dialing_code":"61",
        "nationality":"Christmas Islanders",
        "country_code":"CX"
      },
      {
        "id":228,
        "country_name":"Cocos (Keeling) Islands",
        "dialing_code":"891",
        "nationality":"Cocos Islanders",
        "country_code":"CC"
      },
      {
        "id":37,
        "country_name":"Colombia",
        "dialing_code":"57",
        "nationality":"Colombian",
        "country_code":"CO"
      },
      {
        "id":38,
        "country_name":"Comoros",
        "dialing_code":"269",
        "nationality":"Comoran",
        "country_code":"KM"
      },
      {
        "id":39,
        "country_name":"Congo, Republic of the",
        "dialing_code":"243",
        "nationality":"Congolese",
        "country_code":"CG"
      },
      {
        "id":40,
        "country_name":"Congo, Democratic Republic of the",
        "dialing_code":"243",
        "nationality":"Congolese",
        "country_code":"CD"
      },
      {
        "id":227,
        "country_name":"Cook Islands",
        "dialing_code":"682",
        "nationality":"Cook Islanders",
        "country_code":"CK"
      },
      {
        "id":41,
        "country_name":"Costa Rica",
        "dialing_code":"506",
        "nationality":"Costa Rican",
        "country_code":"CR"
      },
      {
        "id":43,
        "country_name":"Croatia",
        "dialing_code":"385",
        "nationality":"Croatian",
        "country_code":"HR"
      },
      {
        "id":44,
        "country_name":"Cuba",
        "dialing_code":"53",
        "nationality":"Cuban",
        "country_code":"CU"
      },
      {
        "id":238,
        "country_name":"Curaçao",
        "dialing_code":"599",
        "nationality":"Cura?ao",
        "country_code":"CW"
      },
      {
        "id":45,
        "country_name":"Cyprus",
        "dialing_code":"357",
        "nationality":"Cypriot",
        "country_code":"CY"
      },
      {
        "id":46,
        "country_name":"Czech Republic",
        "dialing_code":"420",
        "nationality":"Czech",
        "country_code":"CZ"
      },
      {
        "id":47,
        "country_name":"Denmark",
        "dialing_code":"45",
        "nationality":"Danish",
        "country_code":"DK"
      },
      {
        "id":48,
        "country_name":"Djibouti",
        "dialing_code":"253",
        "nationality":"Djibouti",
        "country_code":"DJ"
      },
      {
        "id":49,
        "country_name":"Dominica",
        "dialing_code":"1-767",
        "nationality":"Dominican",
        "country_code":"DM"
      },
      {
        "id":50,
        "country_name":"Dominican Republic",
        "dialing_code":"1-809, 1-829, 1-849",
        "nationality":"Dominican",
        "country_code":"DO"
      },
      {
        "id":124,
        "country_name":"Netherlands",
        "dialing_code":"31",
        "nationality":"Dutch",
        "country_code":"NL"
      },
      {
        "id":51,
        "country_name":"East Timor",
        "dialing_code":"670",
        "nationality":"East Timorese",
        "country_code":"TL"
      },
      {
        "id":52,
        "country_name":"Ecuador",
        "dialing_code":"593",
        "nationality":"Ecuadorean",
        "country_code":"EC"
      },
      {
        "id":53,
        "country_name":"Egypt",
        "dialing_code":"20",
        "nationality":"Egyptian",
        "country_code":"EG"
      },
      {
        "id":181,
        "country_name":"United Arab Emirates",
        "dialing_code":"971",
        "nationality":"Emirian",
        "country_code":"AE"
      },
      {
        "id":55,
        "country_name":"Equatorial Guinea",
        "dialing_code":"240",
        "nationality":"Equatorial Guinean",
        "country_code":"GQ"
      },
      {
        "id":56,
        "country_name":"Eritrea",
        "dialing_code":"291",
        "nationality":"Eritrean",
        "country_code":"ER"
      },
      {
        "id":57,
        "country_name":"Estonia",
        "dialing_code":"372",
        "nationality":"Estonian",
        "country_code":"EE"
      },
      {
        "id":58,
        "country_name":"Ethiopia",
        "dialing_code":"251",
        "nationality":"Ethiopian",
        "country_code":"ET"
      },
      {
        "id":224,
        "country_name":"Falkland Islands (Malvinas)",
        "dialing_code":"500",
        "nationality":"Falkland Islanders",
        "country_code":"FK"
      },
      {
        "id":223,
        "country_name":"Faroe Islands",
        "dialing_code":"298",
        "nationality":"Faroese",
        "country_code":"FO"
      },
      {
        "id":59,
        "country_name":"Fiji",
        "dialing_code":"679",
        "nationality":"Fijian",
        "country_code":"FJ"
      },
      {
        "id":137,
        "country_name":"Philippines",
        "dialing_code":"63",
        "nationality":"Filipino",
        "country_code":"PH"
      },
      {
        "id":60,
        "country_name":"Finland",
        "dialing_code":"358",
        "nationality":"Finnish",
        "country_code":"FI"
      },
      {
        "id":61,
        "country_name":"France",
        "dialing_code":"33",
        "nationality":"French",
        "country_code":"FR"
      },
      {
        "id":222,
        "country_name":"French Guiana",
        "dialing_code":"594",
        "nationality":"French Guianese",
        "country_code":"GF"
      },
      {
        "id":221,
        "country_name":"French Polynesia",
        "dialing_code":"689",
        "nationality":"French Polynesians",
        "country_code":"PF"
      },
      {
        "id":62,
        "country_name":"Gabon",
        "dialing_code":"241",
        "nationality":"Gabonese",
        "country_code":"GA"
      },
      {
        "id":63,
        "country_name":"The Gambia",
        "dialing_code":"220",
        "nationality":"Gambian",
        "country_code":"GM"
      },
      {
        "id":64,
        "country_name":"Georgia",
        "dialing_code":"995",
        "nationality":"Georgian",
        "country_code":"GE"
      },
      {
        "id":65,
        "country_name":"Germany",
        "dialing_code":"49",
        "nationality":"German",
        "country_code":"DE"
      },
      {
        "id":66,
        "country_name":"Ghana",
        "dialing_code":"233",
        "nationality":"Ghanaian",
        "country_code":"GH"
      },
      {
        "id":220,
        "country_name":"Gibraltar",
        "dialing_code":"350",
        "nationality":"Gibraltarians",
        "country_code":"GI"
      },
      {
        "id":67,
        "country_name":"Greece",
        "dialing_code":"30",
        "nationality":"Greek",
        "country_code":"GR"
      },
      {
        "id":219,
        "country_name":"Greenland",
        "dialing_code":"299",
        "nationality":"Greenlanders",
        "country_code":"GL"
      },
      {
        "id":68,
        "country_name":"Grenada",
        "dialing_code":"1-473",
        "nationality":"Grenadian",
        "country_code":"GD"
      },
      {
        "id":218,
        "country_name":"Guadeloupe",
        "dialing_code":"590",
        "nationality":"Guadeloupians",
        "country_code":"GP"
      },
      {
        "id":217,
        "country_name":"Guam",
        "dialing_code":"1",
        "nationality":"Guamanians",
        "country_code":"GU"
      },
      {
        "id":69,
        "country_name":"Guatemala",
        "dialing_code":"502",
        "nationality":"Guatemalan",
        "country_code":"GT"
      },
      {
        "id":240,
        "country_name":"Guernsey",
        "dialing_code":"44",
        "nationality":"Guernsey",
        "country_code":"GG"
      },
      {
        "id":71,
        "country_name":"Guinea-Bissau",
        "dialing_code":"245",
        "nationality":"Guinea-Bissauan",
        "country_code":"GW"
      },
      {
        "id":70,
        "country_name":"Guinea",
        "dialing_code":"224",
        "nationality":"Guinean",
        "country_code":"GN"
      },
      {
        "id":72,
        "country_name":"Guyana",
        "dialing_code":"592",
        "nationality":"Guyanese",
        "country_code":"GY"
      },
      {
        "id":73,
        "country_name":"Haiti",
        "dialing_code":"509",
        "nationality":"Haitian",
        "country_code":"HT"
      },
      {
        "id":74,
        "country_name":"Honduras",
        "dialing_code":"504",
        "nationality":"Honduran",
        "country_code":"HN"
      },
      {
        "id":216,
        "country_name":"Hong Kong",
        "dialing_code":"852",
        "nationality":"Hongkongers",
        "country_code":"HK"
      },
      {
        "id":75,
        "country_name":"Hungary",
        "dialing_code":"36",
        "nationality":"Hungarian",
        "country_code":"HU"
      },
      {
        "id":89,
        "country_name":"Kiribati",
        "dialing_code":"686",
        "nationality":"I-Kiribati",
        "country_code":"KI"
      },
      {
        "id":76,
        "country_name":"Iceland",
        "dialing_code":"354",
        "nationality":"Icelander",
        "country_code":"IS"
      },
      {
        "id":77,
        "country_name":"India",
        "dialing_code":"91",
        "nationality":"Indian",
        "country_code":"IN"
      },
      {
        "id":78,
        "country_name":"Indonesia",
        "dialing_code":"62",
        "nationality":"Indonesian",
        "country_code":"ID"
      },
      {
        "id":79,
        "country_name":"Iran",
        "dialing_code":"98",
        "nationality":"Iranian",
        "country_code":"IR"
      },
      {
        "id":80,
        "country_name":"Iraq",
        "dialing_code":"964",
        "nationality":"Iraqi",
        "country_code":"IQ"
      },
      {
        "id":81,
        "country_name":"Ireland",
        "dialing_code":"353",
        "nationality":"Irish",
        "country_code":"IE"
      },
      {
        "id":241,
        "country_name":"Isle of Man",
        "dialing_code":"44",
        "nationality":"Isle of Man",
        "country_code":"IM"
      },
      {
        "id":82,
        "country_name":"Israel",
        "dialing_code":"972",
        "nationality":"Israeli",
        "country_code":"IL"
      },
      {
        "id":83,
        "country_name":"Italy",
        "dialing_code":"39",
        "nationality":"Italian",
        "country_code":"IT"
      },
      {
        "id":42,
        "country_name":"Cote d Ivoire",
        "dialing_code":"225",
        "nationality":"Ivorian",
        "country_code":"CI"
      },
      {
        "id":84,
        "country_name":"Jamaica",
        "dialing_code":"1-876",
        "nationality":"Jamaican",
        "country_code":"JM"
      },
      {
        "id":85,
        "country_name":"Japan",
        "dialing_code":"81",
        "nationality":"Japanese",
        "country_code":"JP"
      },
      {
        "id":242,
        "country_name":"Jersey",
        "dialing_code":"44",
        "nationality":"Jersey",
        "country_code":"JE"
      },
      {
        "id":86,
        "country_name":"Jordan",
        "dialing_code":"962",
        "nationality":"Jordanian",
        "country_code":"JO"
      },
      {
        "id":87,
        "country_name":"Kazakhstan",
        "dialing_code":"7",
        "nationality":"Kazakhstani",
        "country_code":"KZ"
      },
      {
        "id":88,
        "country_name":"Kenya",
        "dialing_code":"254",
        "nationality":"Kenyan",
        "country_code":"KE"
      },
      {
        "id":93,
        "country_name":"Kyrgyz Republic",
        "dialing_code":"996",
        "nationality":"Kirghiz",
        "country_code":"KG"
      },
      {
        "id":144,
        "country_name":"Saint Kitts and Nevis",
        "dialing_code":"1-869",
        "nationality":"Kittian and Nevisian",
        "country_code":"KN"
      },
      {
        "id":92,
        "country_name":"Kuwait",
        "dialing_code":"965",
        "nationality":"Kuwaiti",
        "country_code":"KW"
      },
      {
        "id":215,
        "country_name":"Kyrgyzstan",
        "dialing_code":"996",
        "nationality":"Kyrgyzstanis",
        "country_code":"KG"
      },
      {
        "id":94,
        "country_name":"Laos",
        "dialing_code":"856",
        "nationality":"Laotian",
        "country_code":"LA"
      },
      {
        "id":95,
        "country_name":"Latvia",
        "dialing_code":"371",
        "nationality":"Latvian",
        "country_code":"LV"
      },
      {
        "id":96,
        "country_name":"Lebanon",
        "dialing_code":"961",
        "nationality":"Lebanese",
        "country_code":"LB"
      },
      {
        "id":98,
        "country_name":"Liberia",
        "dialing_code":"231",
        "nationality":"Liberian",
        "country_code":"LR"
      },
      {
        "id":99,
        "country_name":"Libya",
        "dialing_code":"218",
        "nationality":"Libyan",
        "country_code":"LY"
      },
      {
        "id":100,
        "country_name":"Liechtenstein",
        "dialing_code":"423",
        "nationality":"Liechtensteiner",
        "country_code":"LI"
      },
      {
        "id":101,
        "country_name":"Lithuania",
        "dialing_code":"370",
        "nationality":"Lithuanian",
        "country_code":"LT"
      },
      {
        "id":102,
        "country_name":"Luxembourg",
        "dialing_code":"352",
        "nationality":"Luxembourger",
        "country_code":"LU"
      },
      {
        "id":214,
        "country_name":"Macao",
        "dialing_code":"853",
        "nationality":"Macanese",
        "country_code":"MO"
      },
      {
        "id":103,
        "country_name":"Macedonia",
        "dialing_code":"389",
        "nationality":"Macedonian",
        "country_code":"MK"
      },
      {
        "id":104,
        "country_name":"Madagascar",
        "dialing_code":"261",
        "nationality":"Malagasy",
        "country_code":"MG"
      },
      {
        "id":105,
        "country_name":"Malawi",
        "dialing_code":"265",
        "nationality":"Malawian",
        "country_code":"MW"
      },
      {
        "id":106,
        "country_name":"Malaysia",
        "dialing_code":"60",
        "nationality":"Malaysian",
        "country_code":"MY"
      },
      {
        "id":107,
        "country_name":"Maldives",
        "dialing_code":"960",
        "nationality":"Maldivan",
        "country_code":"MV"
      },
      {
        "id":108,
        "country_name":"Mali",
        "dialing_code":"223",
        "nationality":"Malian",
        "country_code":"ML"
      },
      {
        "id":109,
        "country_name":"Malta",
        "dialing_code":"356",
        "nationality":"Maltese",
        "country_code":"MT"
      },
      {
        "id":110,
        "country_name":"Marshall Islands",
        "dialing_code":"692",
        "nationality":"Marshallese",
        "country_code":"MH"
      },
      {
        "id":213,
        "country_name":"Martinique",
        "dialing_code":"596",
        "nationality":"Martiniquais",
        "country_code":"MQ"
      },
      {
        "id":111,
        "country_name":"Mauritania",
        "dialing_code":"222",
        "nationality":"Mauritanian",
        "country_code":"MR"
      },
      {
        "id":112,
        "country_name":"Mauritius",
        "dialing_code":"230",
        "nationality":"Mauritian",
        "country_code":"MU"
      },
      {
        "id":245,
        "country_name":"Mayotte",
        "dialing_code":"262",
        "nationality":"Mayotte",
        "country_code":"YT"
      },
      {
        "id":113,
        "country_name":"Mexico",
        "dialing_code":"52",
        "nationality":"Mexican",
        "country_code":"MX"
      },
      {
        "id":114,
        "country_name":"Federated States of Micronesia",
        "dialing_code":"691",
        "nationality":"Micronesian",
        "country_code":"FM"
      },
      {
        "id":115,
        "country_name":"Moldova",
        "dialing_code":"373",
        "nationality":"Moldovan",
        "country_code":"MD "
      },
      {
        "id":116,
        "country_name":"Monaco",
        "dialing_code":"377",
        "nationality":"Monegasque",
        "country_code":"MC"
      },
      {
        "id":117,
        "country_name":"Mongolia",
        "dialing_code":"976",
        "nationality":"Mongolian",
        "country_code":"MN"
      },
      {
        "id":243,
        "country_name":"Montenegro",
        "dialing_code":"382",
        "nationality":"Montenegro",
        "country_code":"ME"
      },
      {
        "id":212,
        "country_name":"Montserrat",
        "dialing_code":"664",
        "nationality":"Montserratians",
        "country_code":"MS"
      },
      {
        "id":118,
        "country_name":"Morocco",
        "dialing_code":"212",
        "nationality":"Moroccan",
        "country_code":"MA"
      },
      {
        "id":97,
        "country_name":"Lesotho",
        "dialing_code":"266",
        "nationality":"Mosotho",
        "country_code":"LS"
      },
      {
        "id":23,
        "country_name":"Botswana",
        "dialing_code":"267",
        "nationality":"Motswana (singular), Batswana (plural)",
        "country_code":"BW"
      },
      {
        "id":119,
        "country_name":"Mozambique",
        "dialing_code":"258",
        "nationality":"Mozambican",
        "country_code":"MZ"
      },
      {
        "id":121,
        "country_name":"Namibia",
        "dialing_code":"264",
        "nationality":"Namibian",
        "country_code":"NA"
      },
      {
        "id":122,
        "country_name":"Nauru",
        "dialing_code":"674",
        "nationality":"Nauruan",
        "country_code":"NR"
      },
      {
        "id":123,
        "country_name":"Nepal",
        "dialing_code":"977",
        "nationality":"Nepalese",
        "country_code":"NP"
      },
      {
        "id":211,
        "country_name":"New Caledonia",
        "dialing_code":"687",
        "nationality":"New Caledonians",
        "country_code":"NC"
      },
      {
        "id":125,
        "country_name":"New Zealand",
        "dialing_code":"64",
        "nationality":"New Zealander",
        "country_code":"NZ"
      },
      {
        "id":186,
        "country_name":"Vanuatu",
        "dialing_code":"678",
        "nationality":"Ni-Vanuatu",
        "country_code":"VU"
      },
      {
        "id":126,
        "country_name":"Nicaragua",
        "dialing_code":"505",
        "nationality":"Nicaraguan",
        "country_code":"NI"
      },
      {
        "id":128,
        "country_name":"Nigeria",
        "dialing_code":"234",
        "nationality":"Nigerian",
        "country_code":"NG "
      },
      {
        "id":210,
        "country_name":"Nigeria",
        "dialing_code":"234",
        "nationality":"Nigerians",
        "country_code":"NG"
      },
      {
        "id":127,
        "country_name":"Niger",
        "dialing_code":"227",
        "nationality":"Nigerien",
        "country_code":"NE"
      },
      {
        "id":209,
        "country_name":"Niue",
        "dialing_code":"683",
        "nationality":"Niueans",
        "country_code":"NU"
      },
      {
        "id":208,
        "country_name":"Norfolk Island",
        "dialing_code":"672",
        "nationality":"Norfolk Islander",
        "country_code":"NF"
      },
      {
        "id":90,
        "country_name":"Korea, North",
        "dialing_code":"850",
        "nationality":"North Korean",
        "country_code":"KP"
      },
      {
        "id":207,
        "country_name":"Northern Mariana Islands",
        "dialing_code":"1",
        "nationality":"Northern Marianans",
        "country_code":"MP"
      },
      {
        "id":129,
        "country_name":"Norway",
        "dialing_code":"47",
        "nationality":"Norwegian",
        "country_code":"NO"
      },
      {
        "id":130,
        "country_name":"Oman",
        "dialing_code":"968",
        "nationality":"Omani",
        "country_code":"OM"
      },
      {
        "id":131,
        "country_name":"Pakistan",
        "dialing_code":"92",
        "nationality":"Pakistani",
        "country_code":"PK"
      },
      {
        "id":132,
        "country_name":"Palau",
        "dialing_code":"680",
        "nationality":"Palauan",
        "country_code":"PW"
      },
      {
        "id":205,
        "country_name":"Palestine",
        "dialing_code":"970",
        "nationality":"Palestinians",
        "country_code":"PS"
      },
      {
        "id":133,
        "country_name":"Panama",
        "dialing_code":"507",
        "nationality":"Panamanian",
        "country_code":"PA"
      },
      {
        "id":134,
        "country_name":"Papua New Guinea",
        "dialing_code":"675",
        "nationality":"Papua New Guinean",
        "country_code":"PG"
      },
      {
        "id":135,
        "country_name":"Paraguay",
        "dialing_code":"595",
        "nationality":"Paraguayan",
        "country_code":"PY"
      },
      {
        "id":136,
        "country_name":"Peru",
        "dialing_code":"51",
        "nationality":"Peruvian",
        "country_code":"PE"
      },
      {
        "id":138,
        "country_name":"Poland",
        "dialing_code":"48",
        "nationality":"Polish",
        "country_code":"PL"
      },
      {
        "id":139,
        "country_name":"Portugal",
        "dialing_code":"351",
        "nationality":"Portuguese",
        "country_code":"PT"
      },
      {
        "id":204,
        "country_name":"Puerto Rico",
        "dialing_code":"1",
        "nationality":"Puerto Ricans",
        "country_code":"PR"
      },
      {
        "id":140,
        "country_name":"Qatar",
        "dialing_code":"974",
        "nationality":"Qatari",
        "country_code":"QA"
      },
      {
        "id":203,
        "country_name":"Reunion",
        "dialing_code":"262",
        "nationality":"Réunionese",
        "country_code":"RE"
      },
      {
        "id":141,
        "country_name":"Romania",
        "dialing_code":"40",
        "nationality":"Romanian",
        "country_code":"RO"
      },
      {
        "id":142,
        "country_name":"Russia",
        "dialing_code":"7",
        "nationality":"Russian",
        "country_code":"RU"
      },
      {
        "id":143,
        "country_name":"Rwanda",
        "dialing_code":"250",
        "nationality":"Rwandan",
        "country_code":"RW"
      },
      {
        "id":236,
        "country_name":"Saint Barthélemy",
        "dialing_code":"590",
        "nationality":"Saint Barth?lemy",
        "country_code":"BL"
      },
      {
        "id":201,
        "country_name":"St. Helena",
        "dialing_code":"290",
        "nationality":"Saint Helenians",
        "country_code":"SH"
      },
      {
        "id":145,
        "country_name":"Saint Lucia",
        "dialing_code":"1-758",
        "nationality":"Saint Lucian",
        "country_code":"LC"
      },
      {
        "id":244,
        "country_name":"Saint Martin",
        "dialing_code":"590",
        "nationality":"Saint Martin",
        "country_code":"MF"
      },
      {
        "id":202,
        "country_name":"Saint Vincent and the Grenadines",
        "dialing_code":"1",
        "nationality":"Saint Vincentians",
        "country_code":"VC"
      },
      {
        "id":200,
        "country_name":"St. Pierre And Miquelon",
        "dialing_code":"508",
        "nationality":"Saint-Pierrais",
        "country_code":"PM"
      },
      {
        "id":54,
        "country_name":"El Salvador",
        "dialing_code":"503",
        "nationality":"Salvadoran",
        "country_code":"SV"
      },
      {
        "id":147,
        "country_name":"San Marino",
        "dialing_code":"378",
        "nationality":"Sammarinese",
        "country_code":"SM"
      },
      {
        "id":146,
        "country_name":"Samoa",
        "dialing_code":"685",
        "nationality":"Samoan",
        "country_code":"WS"
      },
      {
        "id":148,
        "country_name":"Sao Tome and Principe",
        "dialing_code":"239",
        "nationality":"Sao Tomean",
        "country_code":"ST"
      },
      {
        "id":149,
        "country_name":"Saudi Arabia",
        "dialing_code":"966",
        "nationality":"Saudi Arabian",
        "country_code":"SA"
      },
      {
        "id":150,
        "country_name":"Senegal",
        "dialing_code":"221",
        "nationality":"Senegalese",
        "country_code":"SN"
      },
      {
        "id":151,
        "country_name":"Serbia and Montenegro",
        "dialing_code":"381",
        "nationality":"Serbian",
        "country_code":"RS"
      },
      {
        "id":152,
        "country_name":"Seychelles",
        "dialing_code":"248",
        "nationality":"Seychellois",
        "country_code":"SC"
      },
      {
        "id":153,
        "country_name":"Sierra Leone",
        "dialing_code":"232",
        "nationality":"Sierra Leonean",
        "country_code":"SL"
      },
      {
        "id":154,
        "country_name":"Singapore",
        "dialing_code":"65",
        "nationality":"Singaporean",
        "country_code":"SG"
      },
      {
        "id":246,
        "country_name":"Sint Maarten",
        "dialing_code":"599",
        "nationality":"Sint Maarten",
        "country_code":"SX"
      },
      {
        "id":155,
        "country_name":"Slovakia",
        "dialing_code":"421",
        "nationality":"Slovak",
        "country_code":"SK"
      },
      {
        "id":156,
        "country_name":"Slovenia",
        "dialing_code":"386",
        "nationality":"Slovene",
        "country_code":"SI"
      },
      {
        "id":157,
        "country_name":"Solomon Islands",
        "dialing_code":"677",
        "nationality":"Solomon Islander",
        "country_code":"SB"
      },
      {
        "id":158,
        "country_name":"Somalia",
        "dialing_code":"252",
        "nationality":"Somali",
        "country_code":"SO"
      },
      {
        "id":159,
        "country_name":"South Africa",
        "dialing_code":"27",
        "nationality":"South African",
        "country_code":"ZA"
      },
      {
        "id":91,
        "country_name":"Korea, South",
        "dialing_code":"82",
        "nationality":"South Korean",
        "country_code":"KR"
      },
      {
        "id":247,
        "country_name":"South Sudan",
        "dialing_code":"211",
        "nationality":"South Sudan",
        "country_code":"SS"
      },
      {
        "id":160,
        "country_name":"Spain",
        "dialing_code":"34",
        "nationality":"Spanish",
        "country_code":"ES"
      },
      {
        "id":161,
        "country_name":"Sri Lanka",
        "dialing_code":"94",
        "nationality":"Sri Lankan",
        "country_code":"LK"
      },
      {
        "id":162,
        "country_name":"Sudan",
        "dialing_code":"249",
        "nationality":"Sudanese",
        "country_code":"SD"
      },
      {
        "id":163,
        "country_name":"Suriname",
        "dialing_code":"597",
        "nationality":"Surinamer",
        "country_code":"SR"
      },
      {
        "id":164,
        "country_name":"Swaziland",
        "dialing_code":"268",
        "nationality":"Swazi",
        "country_code":"SZ"
      },
      {
        "id":165,
        "country_name":"Sweden",
        "dialing_code":"46",
        "nationality":"Swedish",
        "country_code":"SE"
      },
      {
        "id":166,
        "country_name":"Switzerland",
        "dialing_code":"41",
        "nationality":"Swiss",
        "country_code":"CH"
      },
      {
        "id":167,
        "country_name":"Syria",
        "dialing_code":"963",
        "nationality":"Syrian",
        "country_code":"SY"
      },
      {
        "id":169,
        "country_name":"Tajikistan",
        "dialing_code":"992",
        "nationality":"Tadzhik",
        "country_code":"TJ"
      },
      {
        "id":168,
        "country_name":"Taiwan",
        "dialing_code":"886",
        "nationality":"Taiwanese",
        "country_code":"TW"
      },
      {
        "id":170,
        "country_name":"Tanzania",
        "dialing_code":"255",
        "nationality":"Tanzanian",
        "country_code":"TZ"
      },
      {
        "id":171,
        "country_name":"Thailand",
        "dialing_code":"66",
        "nationality":"Thai",
        "country_code":"TH"
      },
      {
        "id":172,
        "country_name":"Togo",
        "dialing_code":"228",
        "nationality":"Togolese",
        "country_code":"TG"
      },
      {
        "id":173,
        "country_name":"Tonga",
        "dialing_code":"676",
        "nationality":"Tongan",
        "country_code":"TO"
      },
      {
        "id":174,
        "country_name":"Trinidad and Tobago",
        "dialing_code":"1-868",
        "nationality":"Trinidadian",
        "country_code":"TT"
      },
      {
        "id":175,
        "country_name":"Tunisia",
        "dialing_code":"216",
        "nationality":"Tunisian",
        "country_code":"TN"
      },
      {
        "id":176,
        "country_name":"Turkey",
        "dialing_code":"90",
        "nationality":"Turkish",
        "country_code":"TR"
      },
      {
        "id":177,
        "country_name":"Turkmenistan",
        "dialing_code":"993",
        "nationality":"Turkmen",
        "country_code":"TM"
      },
      {
        "id":199,
        "country_name":"Turks and Caicos Islands",
        "dialing_code":"1",
        "nationality":"Turks and Caicos Islanders",
        "country_code":"TC"
      },
      {
        "id":178,
        "country_name":"Tuvalu",
        "dialing_code":"688",
        "nationality":"Tuvaluan",
        "country_code":"TV"
      },
      {
        "id":179,
        "country_name":"Uganda",
        "dialing_code":"256",
        "nationality":"Ugandan",
        "country_code":"UG"
      },
      {
        "id":180,
        "country_name":"Ukraine",
        "dialing_code":"380",
        "nationality":"Ukrainian",
        "country_code":"UA"
      },
      {
        "id":184,
        "country_name":"Uruguay",
        "dialing_code":"598",
        "nationality":"Uruguayan",
        "country_code":"UY"
      },
      {
        "id":198,
        "country_name":"US Minor Outlying Islands",
        "dialing_code":"1",
        "nationality":"US Minor Outlying Islanders",
        "country_code":"UM"
      },
      {
        "id":185,
        "country_name":"Uzbekistan",
        "dialing_code":"998",
        "nationality":"Uzbekistani",
        "country_code":"UZ"
      },
      {
        "id":187,
        "country_name":"Vatican City (Holy See)",
        "dialing_code":"379",
        "nationality":"Vaticano",
        "country_code":"VA"
      },
      {
        "id":188,
        "country_name":"Venezuela",
        "dialing_code":"58",
        "nationality":"Venezuelan",
        "country_code":"VE"
      },
      {
        "id":189,
        "country_name":"Vietnam",
        "dialing_code":"84",
        "nationality":"Vietnamese",
        "country_code":"VN"
      },
      {
        "id":195,
        "country_name":"Virgin Islands(U.S.)",
        "dialing_code":"1",
        "nationality":"Virgin Islander(s) ",
        "country_code":"VI"
      },
      {
        "id":197,
        "country_name":"Wallis and Futuna Islands",
        "dialing_code":"681",
        "nationality":"Wallis and Futuna Islanders",
        "country_code":"WF"
      },
      {
        "id":239,
        "country_name":"Western Sahara",
        "dialing_code":"212",
        "nationality":"Western Sahara",
        "country_code":"EH"
      },
      {
        "id":190,
        "country_name":"Yemen",
        "dialing_code":"967",
        "nationality":"Yemeni",
        "country_code":"YE"
      },
      {
        "id":194,
        "country_name":"Yugoslavia",
        "dialing_code":"38",
        "nationality":"Yugoslavs",
        "country_code":"YU"
      },
      {
        "id":193,
        "country_name":"Zaire",
        "dialing_code":"243",
        "nationality":"Za?rean",
        "country_code":"ZAR"
      },
      {
        "id":191,
        "country_name":"Zambia",
        "dialing_code":"260",
        "nationality":"Zambian",
        "country_code":"ZM"
      },
      {
        "id":192,
        "country_name":"Zimbabwe",
        "dialing_code":"263",
        "nationality":"Zimbabwean",
        "country_code":"ZW"
      }
    ]
  }
}